address_id,postal_code,city,state,region,country
ADD-00001,1040,Holyoke,Massachusetts,East,United States
ADD-00002,1453,Leominster,Massachusetts,East,United States
ADD-00003,1752,Marlborough,Massachusetts,East,United States
ADD-00004,1810,Andover,Massachusetts,East,United States
ADD-00005,1841,Lawrence,Massachusetts,East,United States
ADD-00006,1852,Lowell,Massachusetts,East,United States
ADD-00007,1915,Beverly,Massachusetts,East,United States
ADD-00008,2038,Franklin,Massachusetts,East,United States
ADD-00009,2138,Cambridge,Massachusetts,East,United States
ADD-00010,2148,Malden,Massachusetts,East,United States
ADD-00011,2149,Everett,Massachusetts,East,United States
ADD-00012,2151,Revere,Massachusetts,East,United States
ADD-00013,2169,Quincy,Massachusetts,East,United States
ADD-00014,2740,New Bedford,Massachusetts,East,United States
ADD-00015,2886,Warwick,Rhode Island,East,United States
ADD-00016,2895,Woonsocket,Rhode Island,East,United States
ADD-00017,2908,Providence,Rhode Island,East,United States
ADD-00018,2920,Cranston,Rhode Island,East,United States
ADD-00019,3060,Nashua,New Hampshire,East,United States
ADD-00020,3301,Concord,New Hampshire,East,United States
ADD-00021,3820,Dover,New Hampshire,East,United States
ADD-00022,4240,Lewiston,Maine,East,United States
ADD-00023,4401,Bangor,Maine,East,United States
ADD-00024,5408,Burlington,Vermont,East,United States
ADD-00025,6010,Bristol,Connecticut,East,United States
ADD-00026,6040,Manchester,Connecticut,East,United States
ADD-00027,6360,Norwich,Connecticut,East,United States
ADD-00028,6450,Meriden,Connecticut,East,United States
ADD-00029,6457,Middletown,Connecticut,East,United States
ADD-00030,6460,Milford,Connecticut,East,United States
ADD-00031,6484,Shelton,Connecticut,East,United States
ADD-00032,6708,Waterbury,Connecticut,East,United States
ADD-00033,6810,Danbury,Connecticut,East,United States
ADD-00034,6824,Fairfield,Connecticut,East,United States
ADD-00035,7002,Bayonne,New Jersey,East,United States
ADD-00036,7011,Clifton,New Jersey,East,United States
ADD-00037,7017,East Orange,New Jersey,East,United States
ADD-00038,7036,Linden,New Jersey,East,United States
ADD-00039,7050,Orange,New Jersey,East,United States
ADD-00040,7055,Passaic,New Jersey,East,United States
ADD-00041,7060,Plainfield,New Jersey,East,United States
ADD-00042,7090,Westfield,New Jersey,East,United States
ADD-00043,7109,Belleville,New Jersey,East,United States
ADD-00044,7501,Paterson,New Jersey,East,United States
ADD-00045,7601,Hackensack,New Jersey,East,United States
ADD-00046,7960,Morristown,New Jersey,East,United States
ADD-00047,8302,Bridgeton,New Jersey,East,United States
ADD-00048,8360,Vineland,New Jersey,East,United States
ADD-00049,8401,Atlantic City,New Jersey,East,United States
ADD-00050,8701,Lakewood,New Jersey,East,United States
ADD-00051,8861,Perth Amboy,New Jersey,East,United States
ADD-00052,8901,New Brunswick,New Jersey,East,United States
ADD-00053,10009,New York City,New York,East,United States
ADD-00054,10011,New York City,New York,East,United States
ADD-00055,10024,New York City,New York,East,United States
ADD-00056,10035,New York City,New York,East,United States
ADD-00057,10550,Mount Vernon,New York,East,United States
ADD-00058,10701,Yonkers,New York,East,United States
ADD-00059,10801,New Rochelle,New York,East,United States
ADD-00060,11520,Freeport,New York,East,United States
ADD-00061,11550,Hempstead,New York,East,United States
ADD-00062,11561,Long Beach,New York,East,United States
ADD-00063,11572,Oceanside,New York,East,United States
ADD-00064,11757,Lindenhurst,New York,East,United States
ADD-00065,12180,Troy,New York,East,United States
ADD-00066,13021,Auburn,New York,East,United States
ADD-00067,13440,Rome,New York,East,United States
ADD-00068,13501,Utica,New York,East,United States
ADD-00069,13601,Watertown,New York,East,United States
ADD-00070,14215,Buffalo,New York,East,United States
ADD-00071,14304,Niagara Falls,New York,East,United States
ADD-00072,14609,Rochester,New York,East,United States
ADD-00073,14701,Jamestown,New York,East,United States
ADD-00074,16602,Altoona,Pennsylvania,East,United States
ADD-00075,17403,York,Pennsylvania,East,United States
ADD-00076,17602,Lancaster,Pennsylvania,East,United States
ADD-00077,18018,Bethlehem,Pennsylvania,East,United States
ADD-00078,18103,Allentown,Pennsylvania,East,United States
ADD-00079,19013,Chester,Pennsylvania,East,United States
ADD-00080,19120,Philadelphia,Pennsylvania,East,United States
ADD-00081,19134,Philadelphia,Pennsylvania,East,United States
ADD-00082,19140,Philadelphia,Pennsylvania,East,United States
ADD-00083,19143,Philadelphia,Pennsylvania,East,United States
ADD-00084,19601,Reading,Pennsylvania,East,United States
ADD-00085,19711,Newark,Delaware,East,United States
ADD-00086,19805,Wilmington,Delaware,East,United States
ADD-00087,19901,Dover,Delaware,East,United States
ADD-00088,20016,Washington,District of Columbia,East,United States
ADD-00089,20707,Laurel,Maryland,East,United States
ADD-00090,20735,Clinton,Maryland,East,United States
ADD-00091,20852,Rockville,Maryland,East,United States
ADD-00092,20877,Gaithersburg,Maryland,East,United States
ADD-00093,21044,Columbia,Maryland,East,United States
ADD-00094,21215,Baltimore,Maryland,East,United States
ADD-00095,21740,Hagerstown,Maryland,East,United States
ADD-00096,22153,Springfield,Virginia,South,United States
ADD-00097,22204,Arlington,Virginia,South,United States
ADD-00098,22304,Alexandria,Virginia,South,United States
ADD-00099,22801,Harrisonburg,Virginia,South,United States
ADD-00100,22901,Charlottesville,Virginia,South,United States
ADD-00101,22980,Waynesboro,Virginia,South,United States
ADD-00102,23223,Richmond,Virginia,South,United States
ADD-00103,23320,Chesapeake,Virginia,South,United States
ADD-00104,23434,Suffolk,Virginia,South,United States
ADD-00105,23464,Virginia Beach,Virginia,South,United States
ADD-00106,23602,Newport News,Virginia,South,United States
ADD-00107,23666,Hampton,Virginia,South,United States
ADD-00108,24153,Salem,Virginia,South,United States
ADD-00109,26003,Wheeling,West Virginia,East,United States
ADD-00110,27217,Burlington,North Carolina,South,United States
ADD-00111,27360,Thomasville,North Carolina,South,United States
ADD-00112,27405,Greensboro,North Carolina,South,United States
ADD-00113,27511,Cary,North Carolina,South,United States
ADD-00114,27514,Chapel Hill,North Carolina,South,United States
ADD-00115,27534,Goldsboro,North Carolina,South,United States
ADD-00116,27604,Raleigh,North Carolina,South,United States
ADD-00117,27707,Durham,North Carolina,South,United States
ADD-00118,27834,Greenville,North Carolina,South,United States
ADD-00119,27893,Wilson,North Carolina,South,United States
ADD-00120,28027,Concord,North Carolina,South,United States
ADD-00121,28052,Gastonia,North Carolina,South,United States
ADD-00122,28110,Monroe,North Carolina,South,United States
ADD-00123,28205,Charlotte,North Carolina,South,United States
ADD-00124,28314,Fayetteville,North Carolina,South,United States
ADD-00125,28403,Wilmington,North Carolina,South,United States
ADD-00126,28540,Jacksonville,North Carolina,South,United States
ADD-00127,28601,Hickory,North Carolina,South,United States
ADD-00128,28806,Asheville,North Carolina,South,United States
ADD-00129,29203,Columbia,South Carolina,South,United States
ADD-00130,29406,North Charleston,South Carolina,South,United States
ADD-00131,29464,Mount Pleasant,South Carolina,South,United States
ADD-00132,29483,Summerville,South Carolina,South,United States
ADD-00133,29501,Florence,South Carolina,South,United States
ADD-00134,29730,Rock Hill,South Carolina,South,United States
ADD-00135,30062,Marietta,Georgia,South,United States
ADD-00136,30076,Roswell,Georgia,South,United States
ADD-00137,30080,Smyrna,Georgia,South,United States
ADD-00138,30188,Woodstock,Georgia,South,United States
ADD-00139,30318,Atlanta,Georgia,South,United States
ADD-00140,30328,Sandy Springs,Georgia,South,United States
ADD-00141,30344,East Point,Georgia,South,United States
ADD-00142,30605,Athens,Georgia,South,United States
ADD-00143,31088,Warner Robins,Georgia,South,United States
ADD-00144,31204,Macon,Georgia,South,United States
ADD-00145,31907,Columbus,Georgia,South,United States
ADD-00146,32114,Daytona Beach,Florida,South,United States
ADD-00147,32127,Port Orange,Florida,South,United States
ADD-00148,32137,Palm Coast,Florida,South,United States
ADD-00149,32174,Ormond Beach,Florida,South,United States
ADD-00150,32216,Jacksonville,Florida,South,United States
ADD-00151,32303,Tallahassee,Florida,South,United States
ADD-00152,32503,Pensacola,Florida,South,United States
ADD-00153,32712,Apopka,Florida,South,United States
ADD-00154,32725,Deltona,Florida,South,United States
ADD-00155,32771,Sanford,Florida,South,United States
ADD-00156,32839,Orlando,Florida,South,United States
ADD-00157,32935,Melbourne,Florida,South,United States
ADD-00158,33012,Hialeah,Florida,South,United States
ADD-00159,33021,Hollywood,Florida,South,United States
ADD-00160,33023,Miramar,Florida,South,United States
ADD-00161,33024,Pembroke Pines,Florida,South,United States
ADD-00162,33030,Homestead,Florida,South,United States
ADD-00163,33063,Margate,Florida,South,United States
ADD-00164,33065,Coral Springs,Florida,South,United States
ADD-00165,33068,Pompano Beach,Florida,South,United States
ADD-00166,33134,Coral Gables,Florida,South,United States
ADD-00167,33142,Miami,Florida,South,United States
ADD-00168,33161,North Miami,Florida,South,United States
ADD-00169,33178,Miami,Florida,South,United States
ADD-00170,33180,Miami,Florida,South,United States
ADD-00171,33311,Fort Lauderdale,Florida,South,United States
ADD-00172,33317,Plantation,Florida,South,United States
ADD-00173,33319,Tamarac,Florida,South,United States
ADD-00174,33407,West Palm Beach,Florida,South,United States
ADD-00175,33433,Boca Raton,Florida,South,United States
ADD-00176,33437,Boynton Beach,Florida,South,United States
ADD-00177,33445,Delray Beach,Florida,South,United States
ADD-00178,33458,Jupiter,Florida,South,United States
ADD-00179,33614,Tampa,Florida,South,United States
ADD-00180,33710,Saint Petersburg,Florida,South,United States
ADD-00181,33801,Lakeland,Florida,South,United States
ADD-00182,34741,Kissimmee,Florida,South,United States
ADD-00183,34952,Port Saint Lucie,Florida,South,United States
ADD-00184,35244,Hoover,Alabama,South,United States
ADD-00185,35401,Tuscaloosa,Alabama,South,United States
ADD-00186,35601,Decatur,Alabama,South,United States
ADD-00187,35630,Florence,Alabama,South,United States
ADD-00188,35810,Huntsville,Alabama,South,United States
ADD-00189,36116,Montgomery,Alabama,South,United States
ADD-00190,36608,Mobile,Alabama,South,United States
ADD-00191,36830,Auburn,Alabama,South,United States
ADD-00192,37042,Clarksville,Tennessee,South,United States
ADD-00193,37064,Franklin,Tennessee,South,United States
ADD-00194,37075,Hendersonville,Tennessee,South,United States
ADD-00195,37087,Lebanon,Tennessee,South,United States
ADD-00196,37130,Murfreesboro,Tennessee,South,United States
ADD-00197,37167,Smyrna,Tennessee,South,United States
ADD-00198,37211,Nashville,Tennessee,South,United States
ADD-00199,37421,Chattanooga,Tennessee,South,United States
ADD-00200,37604,Johnson City,Tennessee,South,United States
ADD-00201,37620,Bristol,Tennessee,South,United States
ADD-00202,37918,Knoxville,Tennessee,South,United States
ADD-00203,38109,Memphis,Tennessee,South,United States
ADD-00204,38134,Bartlett,Tennessee,South,United States
ADD-00205,38301,Jackson,Tennessee,South,United States
ADD-00206,38401,Columbia,Tennessee,South,United States
ADD-00207,38671,Southaven,Mississippi,South,United States
ADD-00208,39212,Jackson,Mississippi,South,United States
ADD-00209,39401,Hattiesburg,Mississippi,South,United States
ADD-00210,39503,Gulfport,Mississippi,South,United States
ADD-00211,40214,Louisville,Kentucky,South,United States
ADD-00212,40324,Georgetown,Kentucky,South,United States
ADD-00213,40475,Richmond,Kentucky,South,United States
ADD-00214,41042,Florence,Kentucky,South,United States
ADD-00215,42071,Murray,Kentucky,South,United States
ADD-00216,42104,Bowling Green,Kentucky,South,United States
ADD-00217,42301,Owensboro,Kentucky,South,United States
ADD-00218,42420,Henderson,Kentucky,South,United States
ADD-00219,43017,Dublin,Ohio,East,United States
ADD-00220,43055,Newark,Ohio,East,United States
ADD-00221,43123,Grove City,Ohio,East,United States
ADD-00222,43130,Lancaster,Ohio,East,United States
ADD-00223,43229,Columbus,Ohio,East,United States
ADD-00224,43302,Marion,Ohio,East,United States
ADD-00225,43402,Bowling Green,Ohio,East,United States
ADD-00226,43615,Toledo,Ohio,East,United States
ADD-00227,44035,Elyria,Ohio,East,United States
ADD-00228,44052,Lorain,Ohio,East,United States
ADD-00229,44060,Mentor,Ohio,East,United States
ADD-00230,44105,Cleveland,Ohio,East,United States
ADD-00231,44107,Lakewood,Ohio,East,United States
ADD-00232,44134,Parma,Ohio,East,United States
ADD-00233,44221,Cuyahoga Falls,Ohio,East,United States
ADD-00234,44240,Kent,Ohio,East,United States
ADD-00235,44256,Medina,Ohio,East,United States
ADD-00236,44312,Akron,Ohio,East,United States
ADD-00237,45011,Hamilton,Ohio,East,United States
ADD-00238,45014,Fairfield,Ohio,East,United States
ADD-00239,45040,Mason,Ohio,East,United States
ADD-00240,45231,Cincinnati,Ohio,East,United States
ADD-00241,45373,Troy,Ohio,East,United States
ADD-00242,45503,Springfield,Ohio,East,United States
ADD-00243,46060,Noblesville,Indiana,Central,United States
ADD-00244,46142,Greenwood,Indiana,Central,United States
ADD-00245,46203,Indianapolis,Indiana,Central,United States
ADD-00246,46226,Lawrence,Indiana,Central,United States
ADD-00247,46350,La Porte,Indiana,Central,United States
ADD-00248,46368,Portage,Indiana,Central,United States
ADD-00249,46514,Elkhart,Indiana,Central,United States
ADD-00250,46544,Mishawaka,Indiana,Central,United States
ADD-00251,46614,South Bend,Indiana,Central,United States
ADD-00252,47150,New Albany,Indiana,Central,United States
ADD-00253,47201,Columbus,Indiana,Central,United States
ADD-00254,47362,New Castle,Indiana,Central,United States
ADD-00255,47374,Richmond,Indiana,Central,United States
ADD-00256,47401,Bloomington,Indiana,Central,United States
ADD-00257,47905,Lafayette,Indiana,Central,United States
ADD-00258,48066,Roseville,Michigan,Central,United States
ADD-00259,48073,Royal Oak,Michigan,Central,United States
ADD-00260,48104,Ann Arbor,Michigan,Central,United States
ADD-00261,48126,Dearborn,Michigan,Central,United States
ADD-00262,48127,Dearborn Heights,Michigan,Central,United States
ADD-00263,48146,Lincoln Park,Michigan,Central,United States
ADD-00264,48180,Taylor,Michigan,Central,United States
ADD-00265,48183,Trenton,Michigan,Central,United States
ADD-00266,48185,Westland,Michigan,Central,United States
ADD-00267,48187,Canton,Michigan,Central,United States
ADD-00268,48205,Detroit,Michigan,Central,United States
ADD-00269,48227,Detroit,Michigan,Central,United States
ADD-00270,48234,Detroit,Michigan,Central,United States
ADD-00271,48237,Oak Park,Michigan,Central,United States
ADD-00272,48307,Rochester Hills,Michigan,Central,United States
ADD-00273,48310,Sterling Heights,Michigan,Central,United States
ADD-00274,48601,Saginaw,Michigan,Central,United States
ADD-00275,48640,Midland,Michigan,Central,United States
ADD-00276,48858,Mount Pleasant,Michigan,Central,United States
ADD-00277,48911,Lansing,Michigan,Central,United States
ADD-00278,49201,Jackson,Michigan,Central,United States
ADD-00279,49423,Holland,Michigan,Central,United States
ADD-00280,49505,Grand Rapids,Michigan,Central,United States
ADD-00281,50315,Des Moines,Iowa,Central,United States
ADD-00282,50322,Urbandale,Iowa,Central,United States
ADD-00283,50701,Waterloo,Iowa,Central,United States
ADD-00284,52001,Dubuque,Iowa,Central,United States
ADD-00285,52240,Iowa City,Iowa,Central,United States
ADD-00286,52302,Marion,Iowa,Central,United States
ADD-00287,52402,Cedar Rapids,Iowa,Central,United States
ADD-00288,52601,Burlington,Iowa,Central,United States
ADD-00289,53081,Sheboygan,Wisconsin,Central,United States
ADD-00290,53132,Franklin,Wisconsin,Central,United States
ADD-00291,53142,Kenosha,Wisconsin,Central,United States
ADD-00292,53186,Waukesha,Wisconsin,Central,United States
ADD-00293,53209,Milwaukee,Wisconsin,Central,United States
ADD-00294,53214,West Allis,Wisconsin,Central,United States
ADD-00295,53711,Madison,Wisconsin,Central,United States
ADD-00296,54302,Green Bay,Wisconsin,Central,United States
ADD-00297,54401,Wausau,Wisconsin,Central,United States
ADD-00298,54601,La Crosse,Wisconsin,Central,United States
ADD-00299,54703,Eau Claire,Wisconsin,Central,United States
ADD-00300,54880,Superior,Wisconsin,Central,United States
ADD-00301,54915,Appleton,Wisconsin,Central,United States
ADD-00302,55016,Cottage Grove,Minnesota,Central,United States
ADD-00303,55044,Lakeville,Minnesota,Central,United States
ADD-00304,55106,Saint Paul,Minnesota,Central,United States
ADD-00305,55113,Roseville,Minnesota,Central,United States
ADD-00306,55122,Eagan,Minnesota,Central,United States
ADD-00307,55124,Apple Valley,Minnesota,Central,United States
ADD-00308,55125,Woodbury,Minnesota,Central,United States
ADD-00309,55369,Maple Grove,Minnesota,Central,United States
ADD-00310,55407,Minneapolis,Minnesota,Central,United States
ADD-00311,55433,Coon Rapids,Minnesota,Central,United States
ADD-00312,55901,Rochester,Minnesota,Central,United States
ADD-00313,56301,Saint Cloud,Minnesota,Central,United States
ADD-00314,56560,Moorhead,Minnesota,Central,United States
ADD-00315,57103,Sioux Falls,South Dakota,Central,United States
ADD-00316,57401,Aberdeen,South Dakota,Central,United States
ADD-00317,57701,Rapid City,South Dakota,Central,United States
ADD-00318,58103,Fargo,North Dakota,Central,United States
ADD-00319,59102,Billings,Montana,West,United States
ADD-00320,59405,Great Falls,Montana,West,United States
ADD-00321,59601,Helena,Montana,West,United States
ADD-00322,59715,Bozeman,Montana,West,United States
ADD-00323,59801,Missoula,Montana,West,United States
ADD-00324,60004,Arlington Heights,Illinois,Central,United States
ADD-00325,60016,Des Plaines,Illinois,Central,United States
ADD-00326,60025,Glenview,Illinois,Central,United States
ADD-00327,60035,Highland Park,Illinois,Central,United States
ADD-00328,60067,Palatine,Illinois,Central,United States
ADD-00329,60068,Park Ridge,Illinois,Central,United States
ADD-00330,60076,Skokie,Illinois,Central,United States
ADD-00331,60089,Buffalo Grove,Illinois,Central,United States
ADD-00332,60090,Wheeling,Illinois,Central,United States
ADD-00333,60098,Woodstock,Illinois,Central,United States
ADD-00334,60126,Elmhurst,Illinois,Central,United States
ADD-00335,60174,Saint Charles,Illinois,Central,United States
ADD-00336,60188,Carol Stream,Illinois,Central,United States
ADD-00337,60201,Evanston,Illinois,Central,United States
ADD-00338,60302,Oak Park,Illinois,Central,United States
ADD-00339,60423,Frankfort,Illinois,Central,United States
ADD-00340,60440,Bolingbrook,Illinois,Central,United States
ADD-00341,60441,Romeoville,Illinois,Central,United States
ADD-00342,60462,Orland Park,Illinois,Central,United States
ADD-00343,60477,Tinley Park,Illinois,Central,United States
ADD-00344,60505,Aurora,Illinois,Central,United States
ADD-00345,60540,Naperville,Illinois,Central,United States
ADD-00346,60543,Oswego,Illinois,Central,United States
ADD-00347,60610,Chicago,Illinois,Central,United States
ADD-00348,60623,Chicago,Illinois,Central,United States
ADD-00349,60653,Chicago,Illinois,Central,United States
ADD-00350,61032,Freeport,Illinois,Central,United States
ADD-00351,61107,Rockford,Illinois,Central,United States
ADD-00352,61604,Peoria,Illinois,Central,United States
ADD-00353,61701,Bloomington,Illinois,Central,United States
ADD-00354,61761,Normal,Illinois,Central,United States
ADD-00355,61821,Champaign,Illinois,Central,United States
ADD-00356,61832,Danville,Illinois,Central,United States
ADD-00357,62301,Quincy,Illinois,Central,United States
ADD-00358,62521,Decatur,Illinois,Central,United States
ADD-00359,63116,Saint Louis,Missouri,Central,United States
ADD-00360,63122,Kirkwood,Missouri,Central,United States
ADD-00361,63301,Saint Charles,Missouri,Central,United States
ADD-00362,63376,Saint Peters,Missouri,Central,United States
ADD-00363,64055,Independence,Missouri,Central,United States
ADD-00364,64118,Gladstone,Missouri,Central,United States
ADD-00365,65109,Jefferson City,Missouri,Central,United States
ADD-00366,65203,Columbia,Missouri,Central,United States
ADD-00367,65807,Springfield,Missouri,Central,United States
ADD-00368,66062,Olathe,Kansas,Central,United States
ADD-00369,66212,Overland Park,Kansas,Central,United States
ADD-00370,66502,Manhattan,Kansas,Central,United States
ADD-00371,67212,Wichita,Kansas,Central,United States
ADD-00372,67846,Garden City,Kansas,Central,United States
ADD-00373,68025,Fremont,Nebraska,Central,United States
ADD-00374,68104,Omaha,Nebraska,Central,United States
ADD-00375,68701,Norfolk,Nebraska,Central,United States
ADD-00376,68801,Grand Island,Nebraska,Central,United States
ADD-00377,70065,Kenner,Louisiana,South,United States
ADD-00378,70506,Lafayette,Louisiana,South,United States
ADD-00379,70601,Lake Charles,Louisiana,South,United States
ADD-00380,71111,Bossier City,Louisiana,South,United States
ADD-00381,71203,Monroe,Louisiana,South,United States
ADD-00382,71603,Pine Bluff,Arkansas,South,United States
ADD-00383,71854,Texarkana,Arkansas,South,United States
ADD-00384,71901,Hot Springs,Arkansas,South,United States
ADD-00385,72032,Conway,Arkansas,South,United States
ADD-00386,72209,Little Rock,Arkansas,South,United States
ADD-00387,72401,Jonesboro,Arkansas,South,United States
ADD-00388,72701,Fayetteville,Arkansas,South,United States
ADD-00389,72756,Rogers,Arkansas,South,United States
ADD-00390,72762,Springdale,Arkansas,South,United States
ADD-00391,73034,Edmond,Oklahoma,Central,United States
ADD-00392,73071,Norman,Oklahoma,Central,United States
ADD-00393,73120,Oklahoma City,Oklahoma,Central,United States
ADD-00394,73505,Lawton,Oklahoma,Central,United States
ADD-00395,74012,Broken Arrow,Oklahoma,Central,United States
ADD-00396,74133,Tulsa,Oklahoma,Central,United States
ADD-00397,74403,Muskogee,Oklahoma,Central,United States
ADD-00398,75002,Allen,Texas,Central,United States
ADD-00399,75007,Carrollton,Texas,Central,United States
ADD-00400,75019,Coppell,Texas,Central,United States
ADD-00401,75023,Plano,Texas,Central,United States
ADD-00402,75034,Frisco,Texas,Central,United States
ADD-00403,75043,Garland,Texas,Central,United States
ADD-00404,75051,Grand Prairie,Texas,Central,United States
ADD-00405,75056,The Colony,Texas,Central,United States
ADD-00406,75061,Irving,Texas,Central,United States
ADD-00407,75080,Richardson,Texas,Central,United States
ADD-00408,75081,Dallas,Texas,Central,United States
ADD-00409,75104,Cedar Hill,Texas,Central,United States
ADD-00410,75150,Mesquite,Texas,Central,United States
ADD-00411,75217,Dallas,Texas,Central,United States
ADD-00412,75220,Dallas,Texas,Central,United States
ADD-00413,75701,Tyler,Texas,Central,United States
ADD-00414,76017,Arlington,Texas,Central,United States
ADD-00415,76021,Bedford,Texas,Central,United States
ADD-00416,76051,Grapevine,Texas,Central,United States
ADD-00417,76063,Mansfield,Texas,Central,United States
ADD-00418,76106,Fort Worth,Texas,Central,United States
ADD-00419,76117,Haltom City,Texas,Central,United States
ADD-00420,76248,Keller,Texas,Central,United States
ADD-00421,76706,Waco,Texas,Central,United States
ADD-00422,76903,San Angelo,Texas,Central,United States
ADD-00423,77036,Houston,Texas,Central,United States
ADD-00424,77041,Houston,Texas,Central,United States
ADD-00425,77070,Houston,Texas,Central,United States
ADD-00426,77095,Houston,Texas,Central,United States
ADD-00427,77301,Conroe,Texas,Central,United States
ADD-00428,77340,Huntsville,Texas,Central,United States
ADD-00429,77489,Missouri City,Texas,Central,United States
ADD-00430,77506,Pasadena,Texas,Central,United States
ADD-00431,77520,Baytown,Texas,Central,United States
ADD-00432,77536,Deer Park,Texas,Central,United States
ADD-00433,77571,La Porte,Texas,Central,United States
ADD-00434,77573,League City,Texas,Central,United States
ADD-00435,77581,Pearland,Texas,Central,United States
ADD-00436,77590,Texas City,Texas,Central,United States
ADD-00437,77642,Port Arthur,Texas,Central,United States
ADD-00438,77705,Beaumont,Texas,Central,United States
ADD-00439,77803,Bryan,Texas,Central,United States
ADD-00440,77840,College Station,Texas,Central,United States
ADD-00441,78041,Laredo,Texas,Central,United States
ADD-00442,78207,San Antonio,Texas,Central,United States
ADD-00443,78415,Corpus Christi,Texas,Central,United States
ADD-00444,78501,Mcallen,Texas,Central,United States
ADD-00445,78521,Brownsville,Texas,Central,United States
ADD-00446,78539,Edinburg,Texas,Central,United States
ADD-00447,78550,Harlingen,Texas,Central,United States
ADD-00448,78577,Pharr,Texas,Central,United States
ADD-00449,78664,Round Rock,Texas,Central,United States
ADD-00450,78666,San Marcos,Texas,Central,United States
ADD-00451,78745,Austin,Texas,Central,United States
ADD-00452,79109,Amarillo,Texas,Central,United States
ADD-00453,79424,Lubbock,Texas,Central,United States
ADD-00454,79605,Abilene,Texas,Central,United States
ADD-00455,79762,Odessa,Texas,Central,United States
ADD-00456,79907,El Paso,Texas,Central,United States
ADD-00457,80004,Arvada,Colorado,West,United States
ADD-00458,80013,Aurora,Colorado,West,United States
ADD-00459,80020,Broomfield,Colorado,West,United States
ADD-00460,80022,Commerce City,Colorado,West,United States
ADD-00461,80027,Louisville,Colorado,West,United States
ADD-00462,80112,Englewood,Colorado,West,United States
ADD-00463,80122,Littleton,Colorado,West,United States
ADD-00464,80134,Parker,Colorado,West,United States
ADD-00465,80219,Denver,Colorado,West,United States
ADD-00466,80229,Thornton,Colorado,West,United States
ADD-00467,80501,Longmont,Colorado,West,United States
ADD-00468,80525,Fort Collins,Colorado,West,United States
ADD-00469,80538,Loveland,Colorado,West,United States
ADD-00470,80634,Greeley,Colorado,West,United States
ADD-00471,80906,Colorado Springs,Colorado,West,United States
ADD-00472,81001,Pueblo,Colorado,West,United States
ADD-00473,82001,Cheyenne,Wyoming,West,United States
ADD-00474,83201,Pocatello,Idaho,West,United States
ADD-00475,83301,Twin Falls,Idaho,West,United States
ADD-00476,83501,Lewiston,Idaho,West,United States
ADD-00477,83605,Caldwell,Idaho,West,United States
ADD-00478,83642,Meridian,Idaho,West,United States
ADD-00479,83704,Boise,Idaho,West,United States
ADD-00480,84020,Draper,Utah,West,United States
ADD-00481,84041,Layton,Utah,West,United States
ADD-00482,84043,Lehi,Utah,West,United States
ADD-00483,84057,Orem,Utah,West,United States
ADD-00484,84062,Pleasant Grove,Utah,West,United States
ADD-00485,84084,West Jordan,Utah,West,United States
ADD-00486,84106,Salt Lake City,Utah,West,United States
ADD-00487,84107,Murray,Utah,West,United States
ADD-00488,84321,Logan,Utah,West,United States
ADD-00489,84604,Provo,Utah,West,United States
ADD-00490,85023,Phoenix,Arizona,West,United States
ADD-00491,85204,Mesa,Arizona,West,United States
ADD-00492,85224,Chandler,Arizona,West,United States
ADD-00493,85234,Gilbert,Arizona,West,United States
ADD-00494,85254,Scottsdale,Arizona,West,United States
ADD-00495,85281,Tempe,Arizona,West,United States
ADD-00496,85301,Glendale,Arizona,West,United States
ADD-00497,85323,Avondale,Arizona,West,United States
ADD-00498,85345,Peoria,Arizona,West,United States
ADD-00499,85364,Yuma,Arizona,West,United States
ADD-00500,85635,Sierra Vista,Arizona,West,United States
ADD-00501,85705,Tucson,Arizona,West,United States
ADD-00502,86442,Bullhead City,Arizona,West,United States
ADD-00503,87105,Albuquerque,New Mexico,West,United States
ADD-00504,87124,Rio Rancho,New Mexico,West,United States
ADD-00505,87401,Farmington,New Mexico,West,United States
ADD-00506,87505,Santa Fe,New Mexico,West,United States
ADD-00507,88001,Las Cruces,New Mexico,West,United States
ADD-00508,88101,Clovis,New Mexico,West,United States
ADD-00509,88220,Carlsbad,New Mexico,West,United States
ADD-00510,89015,Henderson,Nevada,West,United States
ADD-00511,89031,North Las Vegas,Nevada,West,United States
ADD-00512,89115,Las Vegas,Nevada,West,United States
ADD-00513,89431,Sparks,Nevada,West,United States
ADD-00514,89502,Reno,Nevada,West,United States
ADD-00515,90004,Los Angeles,California,West,United States
ADD-00516,90008,Los Angeles,California,West,United States
ADD-00517,90032,Los Angeles,California,West,United States
ADD-00518,90036,Los Angeles,California,West,United States
ADD-00519,90045,Los Angeles,California,West,United States
ADD-00520,90049,Los Angeles,California,West,United States
ADD-00521,90278,Redondo Beach,California,West,United States
ADD-00522,90301,Inglewood,California,West,United States
ADD-00523,90503,Torrance,California,West,United States
ADD-00524,90604,Whittier,California,West,United States
ADD-00525,90640,Montebello,California,West,United States
ADD-00526,90660,Pico Rivera,California,West,United States
ADD-00527,90712,Lakewood,California,West,United States
ADD-00528,90805,Long Beach,California,West,United States
ADD-00529,91104,Pasadena,California,West,United States
ADD-00530,91360,Thousand Oaks,California,West,United States
ADD-00531,91505,Burbank,California,West,United States
ADD-00532,91730,Rancho Cucamonga,California,West,United States
ADD-00533,91761,Ontario,California,West,United States
ADD-00534,91767,Pomona,California,West,United States
ADD-00535,91776,San Gabriel,California,West,United States
ADD-00536,91911,Chula Vista,California,West,United States
ADD-00537,91941,La Mesa,California,West,United States
ADD-00538,92020,El Cajon,California,West,United States
ADD-00539,92024,92037,California,West,United States
ADD-00540,92024,Encinitas,California,West,United States
ADD-00541,92025,Escondido,California,West,United States
ADD-00542,92037,San Diego,California,West,United States
ADD-00543,92054,Oceanside,California,West,United States
ADD-00544,92105,San Diego,California,West,United States
ADD-00545,92236,Coachella,California,West,United States
ADD-00546,92253,La Quinta,California,West,United States
ADD-00547,92307,Apple Valley,California,West,United States
ADD-00548,92345,Hesperia,California,West,United States
ADD-00549,92374,Redlands,California,West,United States
ADD-00550,92399,Yucaipa,California,West,United States
ADD-00551,92404,San Bernardino,California,West,United States
ADD-00552,92503,Riverside,California,West,United States
ADD-00553,92530,Lake Elsinore,California,West,United States
ADD-00554,92553,Moreno Valley,California,West,United States
ADD-00555,92563,Murrieta,California,West,United States
ADD-00556,92592,Temecula,California,West,United States
ADD-00557,92627,Costa Mesa,California,West,United States
ADD-00558,92630,Lake Forest,California,West,United States
ADD-00559,92646,Huntington Beach,California,West,United States
ADD-00560,92672,San Clemente,California,West,United States
ADD-00561,92677,Laguna Niguel,California,West,United States
ADD-00562,92683,Westminster,California,West,United States
ADD-00563,92691,Mission Viejo,California,West,United States
ADD-00564,92704,Santa Ana,California,West,United States
ADD-00565,92804,Anaheim,California,West,United States
ADD-00566,93010,Camarillo,California,West,United States
ADD-00567,93030,Oxnard,California,West,United States
ADD-00568,93101,Santa Barbara,California,West,United States
ADD-00569,93277,Visalia,California,West,United States
ADD-00570,93309,Bakersfield,California,West,United States
ADD-00571,93405,San Luis Obispo,California,West,United States
ADD-00572,93454,Santa Maria,California,West,United States
ADD-00573,93534,Lancaster,California,West,United States
ADD-00574,93727,Fresno,California,West,United States
ADD-00575,93905,Salinas,California,West,United States
ADD-00576,94061,Redwood City,California,West,United States
ADD-00577,94086,Sunnyvale,California,West,United States
ADD-00578,94109,San Francisco,California,West,United States
ADD-00579,94110,San Francisco,California,West,United States
ADD-00580,94122,San Francisco,California,West,United States
ADD-00581,94403,San Mateo,California,West,United States
ADD-00582,94509,Antioch,California,West,United States
ADD-00583,94513,Brentwood,California,West,United States
ADD-00584,94521,Concord,California,West,United States
ADD-00585,94526,Danville,California,West,United States
ADD-00586,94533,Fairfield,California,West,United States
ADD-00587,94568,Dublin,California,West,United States
ADD-00588,94591,Vallejo,California,West,United States
ADD-00589,94601,Oakland,California,West,United States
ADD-00590,95037,Morgan Hill,California,West,United States
ADD-00591,95051,Santa Clara,California,West,United States
ADD-00592,95123,San Jose,California,West,United States
ADD-00593,95207,Stockton,California,West,United States
ADD-00594,95240,Lodi,California,West,United States
ADD-00595,95336,Manteca,California,West,United States
ADD-00596,95351,Modesto,California,West,United States
ADD-00597,95610,Citrus Heights,California,West,United States
ADD-00598,95616,Davis,California,West,United States
ADD-00599,95661,Roseville,California,West,United States
ADD-00600,95687,Vacaville,California,West,United States
ADD-00601,95695,Woodland,California,West,United States
ADD-00602,95823,Sacramento,California,West,United States
ADD-00603,95928,Chico,California,West,United States
ADD-00604,96003,Redding,California,West,United States
ADD-00605,97030,Gresham,Oregon,West,United States
ADD-00606,97123,Hillsboro,Oregon,West,United States
ADD-00607,97206,Portland,Oregon,West,United States
ADD-00608,97224,Tigard,Oregon,West,United States
ADD-00609,97301,Salem,Oregon,West,United States
ADD-00610,97405,Eugene,Oregon,West,United States
ADD-00611,97477,Springfield,Oregon,West,United States
ADD-00612,97504,Medford,Oregon,West,United States
ADD-00613,97756,Redmond,Oregon,West,United States
ADD-00614,98002,Auburn,Washington,West,United States
ADD-00615,98006,Bellevue,Washington,West,United States
ADD-00616,98026,Edmonds,Washington,West,United States
ADD-00617,98031,Kent,Washington,West,United States
ADD-00618,98042,Covington,Washington,West,United States
ADD-00619,98052,Redmond,Washington,West,United States
ADD-00620,98059,Renton,Washington,West,United States
ADD-00621,98103,Seattle,Washington,West,United States
ADD-00622,98105,Seattle,Washington,West,United States
ADD-00623,98115,Seattle,Washington,West,United States
ADD-00624,98198,Des Moines,Washington,West,United States
ADD-00625,98208,Everett,Washington,West,United States
ADD-00626,98226,Bellingham,Washington,West,United States
ADD-00627,98270,Marysville,Washington,West,United States
ADD-00628,98502,Olympia,Washington,West,United States
ADD-00629,98632,Longview,Washington,West,United States
ADD-00630,98661,Vancouver,Washington,West,United States
ADD-00631,99207,Spokane,Washington,West,United States
ADD-00632,99301,Pasco,Washington,West,United States
